title,label
reformulating nelsonweinberg rs1,snarxiv
probe certain notion integrability check black brane probe gravitational birefringence model pion hamiltonian qed,snarxiv
heterotic string theory excluding path integral supersymmetric yangmills theory  found kloosterman sum,snarxiv
entropic approach lithium problem,snarxiv
model kaon v tdual technicolor,snarxiv
tensor network center galaxy,snarxiv
instantons cmb,snarxiv
example double copy construction type iia string p^9 model charginos,snarxiv
progress tensor network surface sun,snarxiv
dsm/t^m correspondence,snarxiv
better approach typical state problem,snarxiv
general case correlators higherspin operator qcd3 surrounded special lagrangian brane,snarxiv
certain notion equivariant structure,snarxiv
formulating condensate reheating,snarxiv
reconstructing automorphic form chiral softcollinear effective theory deformed t hooft lines: type iia c^m,snarxiv
prompt higgses implemented donaldsonwitten invariant,snarxiv
crunch matrix model,snarxiv
typical state problem v index theorem type iia deformed line operator,snarxiv
formulation feynman diagram model charginos poincare symmetric vortex,snarxiv
path integral heterotic string theory f4 quotient nmanifolds e6 holonomy,snarxiv
quantum reduction jackiwteitelboim gravity t hooft line deformed surface operator geometric langlandsdual qed3,snarxiv
quantum approach finetuning problem,snarxiv
seibergdual impossible model cosmic ray,snarxiv
solution supersymmetric matrix model presence pq brane schwarzschild black branes formed collapse,snarxiv
causality constraint,snarxiv
disturbing implication unified law,snarxiv
surface defect planck scale,snarxiv
beautiful approach mu problem,snarxiv
instanton liquid intermediate scale obtained donaldson polynomial,snarxiv
nonndimensional model fake inflation,snarxiv
type string extension nonperturbative tqfts de sitter space,snarxiv
reformulating model quintessence,snarxiv
discrete holographicdualities probe qed3/matrix model correspondence,snarxiv
generalizing representation heterotic string symmetric space \zm holonomy: condensate planck scale,snarxiv
index theorem r^m general nahms equation,snarxiv
scattering equation,snarxiv
fast scrambler magneticdual invertible qfts,snarxiv
magnons,snarxiv
firewall apparent horizon,snarxiv
constructing heterotic string 8 copy ads8,snarxiv
qed model primordial fluctuation,snarxiv
instantons localization,snarxiv
instanton liquid $\lambda{qcd}$,snarxiv
reduction quasimodular form model cosmic ray,snarxiv
deriving probe probe dsn/xxz model correspondence sheaf cohomology involving type iia string ,snarxiv
general structure type iia string,snarxiv
progress evaluating adjoint string theory,snarxiv
n=1duality largen violation superconformal symmetry,snarxiv
large black hole formed collapse apparent horizon,snarxiv
ir behavior maximizes model instanton liquid,snarxiv
soft theorem,snarxiv
dimensionality ads5,snarxiv
investigating d8 brane probe center galaxy: anthropic approach,snarxiv
tdual model bubble maximizes line defect loop,snarxiv
fast scrambler btype brane model $\omega<1$ inflation reconsidered,snarxiv
stack pq 7 branes wrapped \z^2 quotient horizon adsm early universe,snarxiv
solution model neutrino broken superconformal symmetric gopakumarvafa invariant,snarxiv
dimensionality extremal topological matrix model implemented feynman diagram,snarxiv
investigating magneticduality type iia strings: anthropic conjecture,snarxiv
bubble solar system anomaly mediated,snarxiv
kloosterman sum bosonic string gravitationaldual hadronic amodel,snarxiv
explaining diffractive model wbosons general framework noncommutative brane probe observables rs2,snarxiv
quintessence early universe,snarxiv
atype instanton planck scale,snarxiv
model longlived anyons,snarxiv
comment instanton liquid surface sun,snarxiv
solution cosmological constant problem black brane formed collapse weak scale,snarxiv
novel solution type iib string deformed hyperplane operator check code subspace nontrivial g2 character,snarxiv
boltzmannintrilligators equation lens space abelian dimension entropic hierarchy,snarxiv
mathematica school lecture scattering equation diffractive quantum dynamic,snarxiv
considering vanishing donaldson polynomial,snarxiv
n=mduality supergravity mediated gravity,snarxiv
extending compactification m+1dimensional matrix model hmp^1\r quotient modulus space f4 bundle e6 bundle symmetric space fibered ext^m\c\r bundle s^n: momentumdependent formalism,snarxiv
partial solution susy cp problem,snarxiv
lorentzhorava rs1 probe bounding model nonperturbative fluctuation model soliton including bm supertranslations general model neutrinos,snarxiv
flow equation ellipticallyfibered de sitter space n=mduality,snarxiv
classifying dark energy weak scale: anomalous technique,snarxiv
compactification e8 character gauge mediation quasinormal mode check reduction momentumdependent quantum mechanic,snarxiv
quantum approach mu problem,snarxiv
discussing bubble ergosphere,snarxiv
sun character modulus space alf calabiyau mfolds,snarxiv
instanton firewall inflation,snarxiv
certain notion unitarity,snarxiv
seesaw effect type iib string dimensionally reduced riemann surface reexamined,snarxiv
general example hilbert scheme type iia string tensor network edge universe,snarxiv
bubble nucleation order,snarxiv
entropic approach cosmic coincidence problem,snarxiv
f4 character lens space general homology,snarxiv
hydrodynamics/general relativity correspondence,snarxiv
consistent general relativity instanton liquid inflation,snarxiv
flavor parent model deduced gromovwitten invariant,snarxiv
clever approach flavor problem,snarxiv
naturalness problem reexamined,snarxiv
novel investigation donaldsonwitten invariant r^m x dsn,snarxiv
spinm character ndimensional ncfts deformed fourquark fterms,snarxiv
progress btz black hole,snarxiv
entropic resolution mu/bmu problem,snarxiv
certain notion integrability excluding firewalls numerical probe localization c^m x s^7,snarxiv
physical approach typical state problem,snarxiv
quantum reduction model inflation v npi effective action,snarxiv
general investigation string theory diffractive,snarxiv
invertible matrix model model tensor network,snarxiv
reviewing amplitude,snarxiv
cargese lecture r model pq 7 branes,snarxiv
progress analytic continuation charge argyresunruh thermodynamics,snarxiv
divisor affine bundle near horizon geometry dsm,snarxiv
cargese lecture type1 factor wzw tqfts supported ads4,snarxiv
semidefinite programming copy r^m maldacena singularity reheating,snarxiv
large black hole formed collapse,snarxiv
linear inhomogeneity revisited,snarxiv
solution topological tqfts probe orientifold plane extremizes deformed jt gravity compactified adsm,snarxiv
cargese lecture causality n=1 ncfts,snarxiv
entropic solution superconformal qfts prediction test examining wzw cfts representation theory nonperturbative n=n supergravity deformed t hooft line super symmetric path integral,snarxiv
semidefinite programming s^m x t^3 anomaly matching topological matrix model,snarxiv
spinning sudakov log,snarxiv
model bubble,snarxiv
certain notion seibergduality,snarxiv
qcd3/bmodel correspondence,snarxiv
causality constraint fast scrambler ftheory,snarxiv
planar condensate nilpotent holomorphic effect seiberg unruh mechanic,snarxiv
minimal approach finetuning problem,snarxiv
causality nonperturbative matrix model compactified ads1 thermodynamics/matrix model correspondence,snarxiv
analytic continuation semidefinite programming type iib string deformed chernsimons term instanton liquid cmb,snarxiv
comment central charge e6 orbifolds copy t^2,snarxiv
instantons inflation,snarxiv
model bubble magneticdual model instanton liquid,snarxiv
e8 singularity gut scale perturbation theory horizon spm quotient p^n bundle dsm fibered \z bundle r^4 fibered t^n,snarxiv
trouble causality constraint,snarxiv
zboson smatrix solution little hierarchy problem,snarxiv
extension bosonic string,snarxiv
entropic approach mu problem,snarxiv
cargese lecture holographicdual model hadron,snarxiv
localization wzw ncfts gravitational wave,snarxiv
chiral matrix model,snarxiv
entropic approach little hierarchy problem,snarxiv
analytic continuation heterotic string geometric langlandsdual n=3 tqfts,snarxiv
ghost momentumdependent,snarxiv
event shape,snarxiv
adsn/planck mechanic correspondence gravitational wave super symmetric model,snarxiv
model hadron chaos t^8,snarxiv
explaining translation symmetric representation theory: primordial approach,snarxiv
surveying topological string theory presence conifold singularity extremizes flavor seesaw mechanism,snarxiv
conformal block type iia linear,snarxiv
tasi lecture nahms equation topological string affine bundle line bundle r^7,snarxiv
comment topological string deformed chernsimons term,snarxiv
nonvanishing nonabelian structure reconsidered,snarxiv
dsm/qft correspondence,snarxiv
entanglement entropy catastrophe,snarxiv
reformulating nonnongeneral effect topological string theory: bubble nucleation gut scale,snarxiv
firewall,snarxiv
\z7 moonshine superconformal unparticle physic presence e6 singularity,snarxiv
holographicduality einstein gravity,snarxiv
t hooft thermodynamics nonabelian harmonic analysis,snarxiv
mpoint correlators,snarxiv
charge ds8,snarxiv
orientifold plane planck scale,snarxiv
dimensionality modulus space modulus space e8 bundle near horizon geometry modulus space linear dilaton background involving geometric langlandsduality,snarxiv
atype brane wrapping p^n,snarxiv
certain notion duality,snarxiv
nonvanishing localization predicts loop limit model flavor,snarxiv
symplectic quotient hmc^n\r quotient modulus space n copy t^n geometric transition topological string,snarxiv
compactification hybrid model dark matter,snarxiv
surface defect weak scale,snarxiv
sheaf cohomology sheaf cohomology type iia far line defect massive black hole,snarxiv
examining general case translation symmetric line bundle,snarxiv
quark chiral operator,snarxiv
test highscale law double copy qed thermodynamic gross mechanic realized sdualities,snarxiv
constructing formulation representation theory susy syk model,snarxiv
charge string theory calculated unruhs equation,snarxiv
dions reexamined,snarxiv
pq 7 branes planck scale,snarxiv
equivariant donaldson polynomial,snarxiv
susskind quantum dynamic v vortex 5 copy r^7,snarxiv
unruh effect exclusive model dark matter weightshifting operator landauginzburg model,snarxiv
cool horizon fast scrambler,snarxiv
reviewing string theory t^n x t^2: trivial modular form,snarxiv
littleknown case cosmic ray eventhorizon telescope v clebschgordon decomposition,snarxiv
orientifold plane bicep ii v specific framework anomalous dimension,snarxiv
atype branes reheating instanton liquid solar system,snarxiv
amplitude jackiwteitelboim gravity fourquark operator v chaos twisted matrix model deformed wilson line,snarxiv
instanton liquid interstellar medium,snarxiv
cosmic ray order,snarxiv
instanton gas surface sun specific example tensor network parameter,snarxiv
6dimensional ncft surrounded orientifold plane perturbative softcollinear effective theory deformed chernsimons term,snarxiv
qed dimensionally reduced c^m,snarxiv
nearextremal black hole,snarxiv
conformal tqfts far btype brane probe gut effect string theory deformed t hooft line,snarxiv
solving einstein gravity/general relativity correspondence,snarxiv
old black brane formed collapse,snarxiv
jerusalem lecture tilted ghost inflation,snarxiv
ads/cft type iia string near black hole instantons edge universe,snarxiv
cosmon model,snarxiv
butterfly effect catastrophe,snarxiv
anyon collision model bmesons,snarxiv
certain notion harmonic analysis revisited,snarxiv
topological tqfts v inflaton effect heterotic string,snarxiv
harmonic analysis mdimensional tqfts dsn,snarxiv
generalizing toda effective field theories: gromovwitten invariant ftheory supported cyn bundle adsm fibered modulus space harmonic hirzebruch surface,snarxiv
neutrino,snarxiv
discussing partition function: model tensor network,snarxiv
general framework halo compactification invertible liouville theory e6 singularity order,snarxiv
6 face landauginzburg regularization,snarxiv
instanton edge universe,snarxiv
model gluon certain notion perturbation theory,snarxiv
mtheory far fractional d5 brane reexamined,snarxiv
clebschgordon decomposition model modular invariant inflation causality constraint,snarxiv
65 year debate vafa,snarxiv
gravitational wave ndimensional ncft deformed multifermion dterms deduced metric,snarxiv
physical approach mu problem,snarxiv
comment hierarchy problem,snarxiv
progress orientifold plane cmb,snarxiv
vanishing integrable hierarchy,snarxiv
test formulation udualities string theory p^6 certain notion dimensionality,snarxiv
gromovwitten invariant manifold anomaly mediated,snarxiv
representation theory de sitter space vanishing clebschgordon decomposition specific investigation example holographic superconductor,snarxiv
representation theory hyperkahler symmetric space,snarxiv
bulk fluctuation order,snarxiv
orientifold black hole weak scale,snarxiv
partition function nonperturbative tqfts firewall,snarxiv
world nonwarped hierarchy,snarxiv
discrete type1 factor v anomaly mediated microscopic hilbert space perturbative topological field theory,snarxiv
type iib string compactified p^4 model condensate,snarxiv
special lagrangian brane probe quark,snarxiv
sduality gauge mediation,snarxiv
string school lecture determination probe braneworld compactification type iia string specific example check perturbative mssm perturbation theory ds4,snarxiv
nonvanishing perturbation theory noncommutative branes inflation,snarxiv
canonical coisotropic branes planck scale sheaf cohomology affine bundle adsm,snarxiv
charge unparticle physic gauge group g2 surrounded ns5 instantons,snarxiv
physical approach susy cp problem,snarxiv
conformal gauge theory soliton,snarxiv
5 face weyl anomaly,snarxiv
conformal block string theory null future cy7,snarxiv
integrable hierarchy string theory living null future line bundle nfolds dihm holonomy,snarxiv
specific paradigm nonlowscale formulation model bubble,snarxiv
path integral type iia leading,snarxiv
geometric langlandsduality ads8,snarxiv
examining model tensor network,snarxiv
electricdual model instanton liquid,snarxiv
f4 singularity $\lambda{qcd}$ predicted automorphic form,snarxiv
modular form e8 bundle copy dsm x p^m x r^7,snarxiv
model instanton gas tqft/liouville theory correspondence,snarxiv
probe tdual model dark matter black hole extremizes tdual heterotic string theory living p^9,snarxiv
abelian harmonic analysis spinning equation superconformal matrix model deformed chernsimons term,snarxiv
stable particle charge taking account hyperplane defects,snarxiv
wbosons,snarxiv
reconstructing quasinormal mode xxz model: novel approach,snarxiv
mu/bmu problem,snarxiv
2+1dimensional supersymmetric qfts near orientifold plane,snarxiv
current n=5 cft manifold e7 holonomy fibered enriques surface dih6 holonomy charginos,snarxiv
trivial localization check gravitationalduality type string symplectic de sitter space divisor n=m supergravity relevant operator spm bundle affine bundle c^n,snarxiv
tensor network early universe,snarxiv
certain notion dimensionality,snarxiv
adjoint matrix model surrounded fractional d1 instantons,snarxiv
remark type iia,snarxiv
generalizing topologically twisted tqfts compactified cy6 quasinormal mode model wbosons,snarxiv
gravitationalduality topological string theory deformed t hooft line,snarxiv
dominant energy condition,snarxiv
mssm,snarxiv
black hole d2 instantons reheating,snarxiv
tensor network n loop,snarxiv
nonvanishing harmonic analysis v string theory deformed surface fterms,snarxiv
cosmic ray cmb nonlocal,snarxiv
surface operator topological string theory causality type iia compactified cy9,snarxiv
cargese lecture integrability modulus space 4 copy r^n,snarxiv
squark dimensionality,snarxiv
mu problem,snarxiv
o9 model minimizes canonical coisotropic brane wrapped \z quotient klebanovstrassler background planck scale,snarxiv
supersymmetric qfts bound data eventhorizon telescope,snarxiv
examining instanton liquid edge universe,snarxiv
type iib string supported c^n,snarxiv
explaining extension nahms equation qcd model excluding central charge adsm: supersymmetric method,snarxiv
possible approach naturalness problem,snarxiv
5 face thermofield double,snarxiv
twisted qcd3 supported modulus space line bundle minkowskian rs1 background fibered de sitter space,snarxiv
instanton liquid edge universe,snarxiv
reformulating rs2 realizes gravitationalduality qed wilson line surrounded hypersurface defect,snarxiv
localization rational surface nonvanishing cohomology semidefinite programming extremal liouville theory ellipticallyfibered 2folds,snarxiv
topological matrix model deformed t hooft line revisited,snarxiv
sudakov log model tensor network v instantons center galaxy,snarxiv
gravitational birefringence thermodynamics,snarxiv
quantum approach blackhole information problem,snarxiv
twisted cfts dimensionally reduced near horizon geometry ale taubnut space revisited,snarxiv
bubble intermediate scale,snarxiv
partial approach naturalness problem,snarxiv
double copy toda qed topological string theory ds9 gravitationalduality primordial inflation,snarxiv
novel paradigm path integral c^m inconsistent hierarchy,snarxiv
classifying discrete representations: heavy ion,snarxiv
disturbing implication moreuseful froissart bound,snarxiv
trivial clebschgordon decomposition,snarxiv
black brane formed collapse solar system holomorphic branes,snarxiv
line bundle gr,snarxiv
evaluating causality constraint model higgses: extraordinary model,snarxiv
test jackiwteitelboim gravity/hydrodynamics correspondence reexamined,snarxiv
lowscale solution supersymmetric ncft surrounded orientifold plane conjectured line bundle,snarxiv
bounding abelian structure type iib presence line defect,snarxiv
check quantum solution strong cp problem hypersurface defect cabibos equation cy7 including e6 singularities implement compactification beckenstein point rs1,snarxiv
isocurvature parameter,snarxiv
modular form twisted qcd adsn,snarxiv
extending decay constant ftheory deformed hyperplane operators: quantum approach,snarxiv
model glashowlifschitz fluctuation boundaryduality motl higherform invariant mechanic,snarxiv
boundarydual n=5 supergravity instantons $\lambda{qcd}$ blackhole information problem,snarxiv
cosmic censorship,snarxiv
tachyonic parameter holographic model relative entropy,snarxiv
comment n=6 supergravity,snarxiv
fast scrambler,snarxiv
canonical coisotropic brane wrapped near horizon geometry ds3 inflation probe perturbation theory black branes,snarxiv
cargese lecture momentumdependent model instanton liquid,snarxiv
holomorphic compactification asymmetric model,snarxiv
ghost collision planck thermodynamics,snarxiv
model axions v condensate surface sun,snarxiv
world weyl anomaly,snarxiv
nonminimal approach little hierarchy problem,snarxiv
evaluating specific framework instanton liquid ergosphere,snarxiv
tensor network sno entropy intermediate scale,snarxiv
extending electricduality n=8 matrix model presence kerr black hole: check 8+1dimensional jackiwteitelboim gravity deformed wilson line seibergdual type string,snarxiv
classifying quantum model,snarxiv
disturbing implication regularization,snarxiv
npi effective action,snarxiv
discussing mtheory presence old black brane formed collapse v lattice model electron,snarxiv
clarifying model charginos,snarxiv
instantons reheating,snarxiv
comment specific paradigm harmonic analysis klebanovstrassler background discrete kahler form,snarxiv
investigating nontrivial representation theory,snarxiv
cargese lecture calculable model instanton gas,snarxiv
test flavor problem,snarxiv
adjoint tqfts r^n twisted ncfts supported atiyahhitchen manifold,snarxiv
progress heavy magnons,snarxiv
landauginzburg model minimizes integrability supersymmetric cfts presence d1 brane wrapped ads9,snarxiv
finetuning problem inflation reheating,snarxiv
obtaining yangian symmetric divisors: planar technique,snarxiv
code subspace,snarxiv
sector grossschwinger singular dynamic predicted integration cycle,snarxiv
instantons v anomaly mediation/general relativity correspondence,snarxiv
tasi lecture model wimp,snarxiv
solving exploring model bubble,snarxiv
instanton liquid sno instantons,snarxiv
measurement sduality standard model model vonneumann entropy large logarithm nonperturbative dynamic,snarxiv
general hyperkahler quotient black hole formed collapse inflation,snarxiv
flow equation s^6 x t^n warped,snarxiv
gerbs perturbative matrix model,snarxiv
instantons reduction harmonic analysis chiral liouville theory,snarxiv
solving model higgses,snarxiv
hierarchy problem broken superconformal symmetric hilbert scheme,snarxiv
comment novel paradigm equation type iib compactified manifold sln\z holonomy,snarxiv
invertible tqfts mdimensional,snarxiv
effective potential type iia string mn\z orbifolds affine bundle t^m v quantum dynamic,snarxiv
reisnernordstrom black branes solar system,snarxiv
formulation unconventional model charginos higgses,snarxiv
sheaf cohomology modulus space modulus space ale fibrations,snarxiv
automorphic form dsn orientifold plane planck scale,snarxiv
probe confinement problem reconsidered,snarxiv
localization,snarxiv
solution sheaf cohomology unified model including orientifold plane gut scale,snarxiv
sheaf cohomology involving vanishing quasimodular forms,snarxiv
geometric langlandsdual type iia string extremizes hierarchy problem,snarxiv
novel framework current string theory deformed chernsimons term nexttoleading,snarxiv
nonrs process,snarxiv
unitarity n copy t^1 fibered adsn,snarxiv
progress unexpected solution wzw matrix model boundary anti de sitter space trivial flow equation,snarxiv
compactification nontrivial structure topological ncfts deformed irrelevant fterms,snarxiv
nonvanishing semidefinite programming duality topological chernsimons theory deformed wilson line,snarxiv
trouble sudakov log,snarxiv
probe quark physic,snarxiv
lhc inverse problem reexamined,snarxiv
equivariant integrability,snarxiv
tensor network $\lambda{qcd}$ general charge,snarxiv
geometric transition model instanton gas donaldsonwitten invariant exotic de sitter space,snarxiv
surface defect kloosterman sum modulus space modulus space spm orbifolds dsn bundle cy9 fibered warped riemann surface,snarxiv
bohrstueckelberg point qcd3,snarxiv
instantons weak scale,snarxiv
anomalous dimension multidimensional,snarxiv
qcd/c=1 matrix model correspondence predicted e7 character,snarxiv
type iia string living modulus space modulus space line bundle ds5 qed formulation topological string,snarxiv
novel reduction model sleptons,snarxiv
analytic continuation quasimodular form bosonic string surrounded atype instanton,snarxiv
quantum dynamics/s^n correspondence,snarxiv
cosmic ray edge universe check localization measurement extension sheaf cohomology conformal qcd3 living s^n event horizon horizon topological string taking account kerr black holes diffeomorphism symmetric conformal block,snarxiv
tasi lecture firewall,snarxiv
causality hyperplane defect center galaxy,snarxiv
firewall atlas,snarxiv
black branes c=1 matrix model/cft correspondence compactification vortex rs1,snarxiv
remark black brane formed collapse 8 loop,snarxiv
anomaly type iia string cyn,snarxiv
butterfly effect realizes large black hole,snarxiv
check massive black hole $\lambda{qcd}$ including model holographic complexity,snarxiv
formulation type iia string,snarxiv
progress perturbative qft,snarxiv
certain notion integrability possible solution cosmological constant problem current n=5 softcollinear effective theory,snarxiv
semidefinite programming type iib,snarxiv
gravitationalduality model sleptons,snarxiv
firewall sleptons,snarxiv
anyons,snarxiv
line bundle noncompact superspace donaldson polynomial type iia string supported linear dilaton background,snarxiv
bmesons extension wzw ncfts living cy6 general case nonabelian structure p^5 x cy1 bundle near horizon geometry t^1 fibered modulus space modulus space affine bundle dsm fibered c^m,snarxiv
cosmic ray eventhorizon telescope exactlysoluble,snarxiv
dual gravitation,arxiv
factorizable smatrices conformal invariance,arxiv
homological ghost approach constrained hamiltonian system,arxiv
introduction 2d gravity solvable string model,arxiv
new class integrable model,arxiv
discrete state twodimensional quantum gravity,arxiv
w algebra twistor nonlinear integrable system,arxiv
operator content modular property chernsimons coupled massless scalar,arxiv
horizon inside classical lump,arxiv
conformal turbulence,arxiv
comment disassembling anyons,arxiv
gauge theory cylinder,arxiv
quantisation su2 magnetic monopole dynamic,arxiv
target space description winfinity symmetry coset model,arxiv
generalized kp hierarchy,arxiv
view island,arxiv
complete solution su2 chernsimons theory,arxiv
unimodality generalized gaussian coefficient,arxiv
exact evaluation path integral,arxiv
quantum black hole,arxiv
covariant canonical description liouville field theory,arxiv
qed1+1 dirac quantization,arxiv
combinatorial invariant dimensional lattice models: ii,arxiv
role mathematics contemporary theoretical physic,arxiv
quantum clifford algebra,arxiv
constrained quantization tear,arxiv
new symmetry qed,arxiv
brst model applied symplectic geometry,arxiv
gauge theory lineal gravity,arxiv
classical quantum intertwine,arxiv
development 2d string theory,arxiv
equation infinitely lagrangians,arxiv
status fractional superstring,arxiv
supermembranes 4 dimension,arxiv
string causality,arxiv
new set exact form factor,arxiv
projection postulate quantum mechanic lightcone,arxiv
aspect $σ$ model,arxiv
hamiltonian mechanic 1+2 dimension,arxiv
comment anyon external eletromagnetic field: hamiltonian lagrangian formulation,arxiv
classical solution relativistic membrane equation 4 spacetime dimension,arxiv
topological structure standard model high $t$,arxiv
bäcklund transformation integrable system,arxiv
superliouville operator construction,arxiv
comment equivalence chernsimons matter model,arxiv
classical rmatrices construction quantum group,arxiv
black hole open string,arxiv
special function structure constant new infinitedimensional algebra,arxiv
aspect $q$boson calculus,arxiv
composite fermion approach fqhe,arxiv
generalized qcd$2$ bilocal method,arxiv
currentlike variable massive massless integrable model,arxiv
$η$invariant lagrangian topological quantum field theory,arxiv
differential calculus quantum groups: constructive procedure,arxiv
quantum invariant knot 3manifolds,arxiv
contravariant symbol quantization $s^2$,arxiv
encounter physicist mathematics,arxiv
black hole sphalerons low energy effective string theory,arxiv
vacuum lightcone representation,arxiv
octonion xproduct orbit,arxiv
note color confinement,arxiv
octonion xproduct e8 lattice,arxiv
minimal affinizations representation quantum groups: uqgmodule structure,arxiv
fixed point saddle point universality,arxiv
representation super yangian,arxiv
poisson poincare group,arxiv
poisson homogeneous space,arxiv
dirac monopoles wittens monopole equation,arxiv
recent development affine toda field theory,arxiv
introductory lecture low energy supersymmetry,arxiv
generalising concept maximal symmetry spacetimes presence torsion,arxiv
octonions: e{8} lattice λ{16},arxiv
semihard hadron process quarkgluon string model,arxiv
eventsymmetric physic,arxiv
octonions: invariant leech lattice exposed,arxiv
spin connection classification inequivalent quantization,arxiv
oddball determinant,arxiv
batalinvilkovisky formalism odd symplectic geometry,arxiv
comment dynamic weak order phase transition,arxiv
soldering chiralities,arxiv
statistical mechanic nonabelian chernsimons particle,arxiv
black hole entropy,arxiv
bounded bose field,arxiv
gauge independent lagrangian reduction constrained system,arxiv
lorentz gauge green formula classical electrodynamics,arxiv
remark quantum theory integrable system,arxiv
quantum cohomology,arxiv
calabiyau phase superstring vacuum,arxiv
conformal haagkastler net wightman function,arxiv
sphaleron $s^{3}$,arxiv
hbt interference wigner function mc simulation,arxiv
aspect duality,arxiv
remark quantum mechanic integrable system,arxiv
supersymmetry supercurrent scale invariance,arxiv
nonabelian flux algebra yangmills theory,arxiv
maximal subalgebras matrix lie superalgebras,arxiv
kind duality,arxiv
lorentzdirac equation: paradox preacceleration,arxiv
remark n=2 extended supersymmetric yangmills theory seibergwitten duality,arxiv
lorentzdirac equation: instability physical solution,arxiv
heterotic string matrix,arxiv
automorphic form bundle yangmills equation,arxiv
time evolution general gauge theory,arxiv
comment scaling hypothesis spectral density nonlinear sigma model,arxiv
course on: an algebraic approach nonperturbative quantum field theory,arxiv
bps state ftheory,arxiv
symmetry property selfdual field,arxiv
propagator notoph,arxiv
coincidence matrix theory algebraic qft,arxiv
relevance multiplicative anomaly,arxiv
compactifications ftheory calabiyau fourfolds,arxiv
matter ftheory,arxiv
master partition large n matrix field theory,arxiv
exact smatrices,arxiv
holographic principle renormalization group,arxiv
geometric physic,arxiv
dbranes hilbert scheme,arxiv
division algebras: 26 dimension 3 family,arxiv
puzzle paradox holography,arxiv
neutral particle super schwinger term,arxiv
bracket problem covariant hamiltonian field theory,arxiv
speculation ads/cft order 1/n,arxiv
asymptotic behaviour total cross section quantum field theory,arxiv
radiatively induced cptodd term qed,arxiv
superconformal algebra boundary ads3,arxiv
rotating charged btz metric,arxiv
georgigoldstone realization chiral symmetry quantum chromodynamics,arxiv
equilibrium nonequilibrium quantum field theory,arxiv
propagator massive symmetric tensor pforms adsd+1,arxiv
asymptotic zero energy state sun greater equal 3,arxiv
restframe instant form dynamic dirac observables,arxiv
note singular instantons,arxiv
poincare anomaly planar field theory,arxiv
reply comment casimir energy spherical boundary,arxiv
aspect gauge theory gravity correspondence,arxiv
remark brst singlet,arxiv
reminiscence,arxiv
divergence casimir energy,arxiv
cohomological derivation topological yangmills theory,arxiv
ddimensional conformal sigmamodels topological excitation,arxiv
cartan torus ade classification twodimensional topological phase transition,arxiv
seibergwitten theory integrable model perturbative prepotentials,arxiv
need supersymmetry,arxiv
gauge theory noncommutative space,arxiv
supersymmetry classical mechanic,arxiv
application reflection amplitude todatype theory,arxiv
n d0branes antibranes background independent string field theory,arxiv
dbranes twisted ktheory,arxiv
nonabelian selfduality selfinteraction,arxiv
renormalization enforcing symmetry,arxiv
comment flux chern number noncommutative gauge theory,arxiv
world sheet revisited,arxiv
introduction string field theory,arxiv
intersecting delocalized pbranes,arxiv
supersymmetry gauge natural theory,arxiv
lesson numerical analysis,arxiv
black crunch,arxiv
solution berkovits superstring field theory,arxiv
deformation quantization covariant hamiltonian field theory,arxiv
energymomentum conservation law gauge theory broken gauge symmetry,arxiv
year debate stephen,arxiv
poincare duality discrete space,arxiv
ppwaves the original article,arxiv
superwaves,arxiv
problem quantum gravitation,arxiv
introduction string theory,arxiv
time dependent solution open bosonic string field theory,arxiv
jordanian bicovariant differential calculus,arxiv
perturbative derivation mirror symmetry,arxiv
projection condition discrete torsion c^3/z3xz3,arxiv
dbranes derived category,arxiv
chain structure symplectic analysis constrained system,arxiv
domain wall solution,arxiv
rolling tachyon field brane,arxiv
real padic adelic noncommutative scalar soliton,arxiv
spacetime diffeomorphisms geodesic approximation,arxiv
t hoofts loop operator,arxiv
infrared r* operation,arxiv
conformal symmetry triviality,arxiv
comment must hamiltonian hermitian,arxiv
positronium intense laser field,arxiv
acausality massive charged spin 2 field,arxiv
selfdual quaternionic lump octonionic spacetime,arxiv
krein structure supersymmetry,arxiv
response comment u2 adhm twoinstanton,arxiv
approach supertopology,arxiv
exact solution relativistic manybody problem,arxiv
stringy gravity short distance,arxiv
map qhdeformed gauge theory ordinary gauge theory,arxiv
complete global embedding structure black hole,arxiv
snyderspace,arxiv
fourcolormap theorem,arxiv
nonperturbative calculation electron magnetic moment,arxiv
emergence anticommuting coordinate diracramondkostant operator,arxiv
spinning membrane $adsp\times s^q$,arxiv
supersymmetry 1dimensional system,arxiv
cosmic natural selection,arxiv
quantum nonabelian monopoles,arxiv
deformed coordinate space derivative,arxiv
quantum field theory: spin zero,arxiv
quantum field theory: spin half,arxiv
quantum supersymmetric ghost,arxiv
perturbative renormalization brst,arxiv
spacetime brst symmetry,arxiv
challenge matrix model,arxiv
note correlation function 02 theory,arxiv
long string condensation fzzt branes,arxiv
classical nonlocal conserved charge string theory,arxiv
superconducting semilocal string,arxiv
comment schwarzschild black hole noncommutative space,arxiv
2d conformal field theory vertex operator algebra,arxiv
asymptotically free $φ^4$ 3+1,arxiv
c^{2} formulation euler fluid,arxiv
spacetime,arxiv
trefoil soliton elementary fermion suq2,arxiv
probability landscape,arxiv
understanding landscape,arxiv
unitarity nonlocality black hole information,arxiv
multisoliton solution 3waves problem,arxiv
zamolodchikovs periodicity conjecture,arxiv
geometric twist decomposition lightcone nonlocal qcd operator,arxiv
trying understand mass,arxiv
homage ettore majorana,arxiv
note structure constraint algebra,arxiv
quantization holomorphic anomaly,arxiv
rotation statistic,arxiv
lorentz covariant distribution spectral condition,arxiv
reply comment jagarcia arxiv:07050143 to appear prd,arxiv
free motion deformed quantum fourdimensional space,arxiv
noncommutative minisuperspace cosmology,arxiv
quantum origin structure inflationary universe,arxiv
general anticommutators gamma matrix,arxiv
challenge path integral formulation quantum theory,arxiv
target space duality iii: potential,arxiv
relativistic quantum coulomb law,arxiv
betrachtungen jenseits de standardmodells der teilchenphysik,arxiv
abelian solution kp equation,arxiv
class chiral symmetry representation scalar pseudoscalar field,arxiv
dilatation operator 3d,arxiv
personnal recollection birth string theory,arxiv
solution manual polchinskis string theory,arxiv
core hopf algebra,arxiv
characterizing planar graph,arxiv
deriving particle physic quantum gravity: plan,arxiv
etude qft,arxiv
solving field equation spinor electrodynamics,arxiv
lagrangian u1su2 mixing,arxiv
curved space matrix membrane,arxiv
algebraic structure local qft,arxiv
recent development superstring phenomenology,arxiv
ssc: programme search new particle,arxiv
conference summary,arxiv
radiative decay pwave charmed meson,arxiv
exotic fermion,arxiv
quark physic hadron collider,arxiv
recent progress physic neutrino mass,arxiv
greening quantum field theory: george,arxiv
retardedadvanced basis real time formalism,arxiv
quantum theory standard model,arxiv
solar neutrino oscillation,arxiv
solar atmospheric neutrino,arxiv
orsay lecture confinement ii,arxiv
perturbation theory relative space,arxiv
effective lagrangians for electroweak physics,arxiv
disoriented chiral condensate,arxiv
principle chiral perturbation theory,arxiv
outreach education high energy physic,arxiv
standard model lepton sector,arxiv
scheme neutrino mass mixing,arxiv
standard model,arxiv
parton density perturbation theory,arxiv
structure decay particle containing heavy quark theory,arxiv
mass relation rho a{1} meson,arxiv
polarizabilities gluon field polarized nucleon,arxiv
fonctions de structure polarisees,arxiv
relativistic binding energy correction heavy quark fragmentation function,arxiv
aspect spin physic rhic,arxiv
lep1quick,arxiv
status neutrino mixing,arxiv
overview perturbative qcd,arxiv
spineffects dissociation spacelike photon,arxiv
flaton inflation model,arxiv
comment totally inclusive b0 decay,arxiv
comment modified negative binomial description multiplicity distribution leptonnucleon scattering,arxiv
heavy neutrino detection linear collider,arxiv
amplitude spectroscopy meson beam jhp:search new physic standard quark model,arxiv
spin physic amplitude imaging hadron reaction japanese hadron project,arxiv
ultraviolet renormalon order,arxiv
summary outlook,arxiv
cpt violation string neutralmeson system,arxiv
comment neutrino magnetic moment : depolarization rate plasma,arxiv
catalysis proton decay superstring theory,arxiv
theoretical aspect heavyflavour electroproduction,arxiv
hard diffractive scattering,arxiv
standard model particle physic,arxiv
disoriented chiral condensate: theory phenomenology,arxiv
aspect bfkl evolution,arxiv
qcd theoretical issue,arxiv
b physic,arxiv
fracture functions: factorization evolution,arxiv
effective field theory qed vacuum fluctuation,arxiv
generalized vector dominance lowx proton structure,arxiv
diffraction: result conclusion,arxiv
warm inflation early universe,arxiv
correlation fluctuation 98,arxiv
cp violation hyperon decay,arxiv
face axial anomaly proton spin,arxiv
simplest massive lagrangian higgs mechanism,arxiv
sudakov form factor effective theory particle worldlines,arxiv
nonperturbative method field theory,arxiv
qcd high energy,arxiv
diffractive physic hera,arxiv
decay neutral kaon,arxiv
comment chernavskayas paper double phase transition model problem entropy baryon number conservation hepph/9701265,arxiv
theoretical result vub vcb,arxiv
early year neutrino oscillation,arxiv
largenc qcd weak matrix element,arxiv
sitges,arxiv
modelling rhopionelectromagnetic interaction effective weinbergsalam theory,arxiv
nonperturbative implication hadronic interaction,arxiv
recent advance odderon physic,arxiv
mass hierarchy mixing angle,arxiv
review theory talk xxix international symposium multiparticle dynamic,arxiv
enhancement λq decay rate,arxiv
time invariance violation photonatom photonmolecule interaction,arxiv
neutrino oscillations: theoretical idea,arxiv
parton density heavy quark,arxiv
supersymmetric leftright model scalar potential,arxiv
variable number scheme heavy quark electroproduction,arxiv
tau > omega3pinu decay,arxiv
topic finite temperature field theory,arxiv
limit size extra dimension,arxiv
whats new small x,arxiv
current issue heavy quark production,arxiv
recent result lorentz cpt test,arxiv
evolution dis structure function small x,arxiv
comment linking solar long baseline terrestrial neutrino experiment,arxiv
implication recent measurement nonleptonic charmless b decay,arxiv
optical activity neutrino sea standard model,arxiv
new unitarity triangle quark mixing cp violation,arxiv
fermion boson theta vacuum,arxiv
test qcd photon physic,arxiv
lowx physic hera,arxiv
form factor π^0>γγ^*,arxiv
diffraction hera,arxiv
inside nucleon,arxiv
extra long baseline neutrino oscillation cp violation,arxiv
2point 2loop graph arbitrary selfenergy insertion,arxiv
effective chiral theory large nc qcd meson,arxiv
hadronic regge trajectory resonance energy region,arxiv
physic flavor flavor physic,arxiv
trace tricritical point qcd phase diagram,arxiv
inflation,arxiv
vacuum energy cosmological constant,arxiv
photon production heavy ion collision,arxiv
phenomenology cosmological susy breaking,arxiv
step,arxiv
final higgs result lep,arxiv
recent result rho odderon picture,arxiv
pomeron elastic scattering,arxiv
neutrino factories: physic potential,arxiv
qcd analysis hadronic tau lepton decay,arxiv
solar neutrino oscillation electrostatic correction,arxiv
essential solar neutrino,arxiv
strange color superconductivity qcd,arxiv
table convolution integral,arxiv
soft diffraction dissociation,arxiv
qcd phenomenology,arxiv
perturbative hqet,arxiv
decay bc meson,arxiv
hybrid meson lattice,arxiv
effective lagrangian baryon baryonmeson interaction,arxiv
dynamic effective gluon field hadron method field correlators,arxiv
gaugeinvariant effective field qcd strong charge screening,arxiv
structure function status prospect,arxiv
photon hadronic interaction,arxiv
restraint breitwigner formula fermion wavefunction renormalization,arxiv
tasi lecture precision electroweak physic,arxiv
neutrino massan overview,arxiv
naturalness landscape,arxiv
infrared finite cross section nnlo,arxiv
exclusive diffractive higgs production lhc,arxiv
exotic challenge,arxiv
jetshape observables,arxiv
color superconductivity high density qcd,arxiv
remark neutrino oscillation timeenergy uncertainty relation,arxiv
alternative interpretation x3872,arxiv
edms susy gut,arxiv
saturation dis low x,arxiv
neutrino fluctuating plasma solar neutrino puzzle,arxiv
extremal size fluctuation qcd dipole cascading,arxiv
nature greatest puzzle,arxiv
relation hadron mass,arxiv
revolution revelation,arxiv
